AMC,Category,Scheme_Count,Avg_NAV,Median_NAV,Total_AUM_Cr
360 ONE,Debt,20,619.97324,512.4767499999999,23157.269750830903
360 ONE,Equity,12,27.289783333333332,17.7897,24294.573838528555
360 ONE,FoF,1,117.7163,117.7163,448.8691726879978
360 ONE,Hybrid,8,12.003675,11.91,3595.72131499527
360 ONE,Index,1,144.1604,144.1604,664.3965497515406
360 ONE,Other,2,15.741050000000001,15.741050000000001,1021.2892342844964
Aditya Birla Sun Life,Debt,78,249.68400256410257,102.14484999999999,97288.6049377426
Aditya Birla Sun Life,Equity,128,207.14757265625,40.123850000000004,314579.99570454785
Aditya Birla Sun Life,FoF,21,25.345447619047622,16.6259,4582.867259151148
Aditya Birla Sun Life,Hybrid,36,37.8431,33.09125,33884.79851963288
Aditya Birla Sun Life,Index,121,20.72779586776859,12.3818,55774.08546006102
Aditya Birla Sun Life,Other,84,47.225766666666665,18.030949999999997,49520.206928355954
Aditya Birla Sun Life,Solution,16,16.2149875,16.029400000000003,3363.6666217794645
Angel One,FoF,3,11.0715,10.9867,311.6554792368989
Angel One,Index,7,157.1704714285714,11.9126,2842.0755687361757
Axis,Debt,126,700.8232865079365,1000.40355,136805.4736400384
Axis,Equity,74,64.64878513513513,21.50885,161475.22595586785
Axis,FoF,5,32.54124,15.6626,1179.7916089579758
Axis,Hybrid,56,17.807842857142855,15.03125,35539.79924124346
Axis,Index,89,32.36972471910112,12.3714,40395.71190283545
Axis,Other,37,251.89739999999998,16.82,21069.63027371211
Axis,Solution,12,26.040408333333332,26.62945,4030.195125551166
Bajaj Finserv,Debt,38,902.1947342105265,1034.5486,51251.29980712342
Bajaj Finserv,Equity,28,11.613642857142858,11.446,31899.295026338947
Bajaj Finserv,Hybrid,16,11.3145,11.6325,6171.120224002362
Bajaj Finserv,Index,11,132.86419090909092,11.167,4782.447268238295
Bajaj Finserv,Other,4,9.9675,9.969,1286.766198343194
Bandhan,Debt,167,172.27630755095808,11.7999,111527.05181823066
Bandhan,Equity,65,49.47084892723077,30.786,150781.9133987355
Bandhan,Hybrid,60,20.52506530133333,15.200949999999999,41311.97677077222
Bandhan,Index,84,27.782165476190478,12.087800000000001,34351.77690514933
Bandhan,Other,40,14.893624571250001,12.013200000000001,17738.814018423484
Bandhan,Solution,4,13.004,13.002500000000001,649.033614683788
Bank of India,Debt,44,955.1363454545454,1000.15945,55126.794000184396
Bank of India,Equity,56,43.54125,32.565,136209.440615322
Bank of India,Hybrid,27,18.30462962962963,16.6043,17354.010764495015
Bank of India,Other,8,31.475,24.564999999999998,4449.390269447339
Baroda BNP Paribas,Debt,91,595.1620868131869,34.5691,95600.80398979597
Baroda BNP Paribas,Equity,58,45.34737931034483,16.3512,111286.58605868119
Baroda BNP Paribas,FoF,3,46.94383333333334,12.1092,710.8472483052494
Baroda BNP Paribas,Hybrid,38,16.903244736842105,14.15475,21903.26687461056
Baroda BNP Paribas,Index,17,14.030817647058823,11.9177,6367.113560090043
Baroda BNP Paribas,Other,18,14.515516666666665,12.8705,8402.79548722362
Baroda BNP Paribas,Solution,7,11.393699999999999,11.4635,1101.9407181780955
Canara Robeco,Debt,50,816.6712339999999,78.3474,57745.62633102342
Canara Robeco,Equity,48,92.85122708333334,41.22175,115375.0424585626
Canara Robeco,Hybrid,14,25.3991,10.675,7726.50923646081
Canara Robeco,Other,18,35.206605555555555,13.1003,10279.806728325224
Capitalmind,Equity,2,10.142900000000001,10.142900000000001,1946.1840518230156
DSP,Debt,99,539.5977424242425,12.5889,88637.44472138144
DSP,Equity,82,82.60624756097562,33.11585,201703.18979696764
DSP,FoF,5,38.48652,18.9667,1186.1394904837268
DSP,Hybrid,30,44.04494666666667,16.431250000000002,20280.164198229733
DSP,Index,74,46.62976891891892,12.6784,38522.746916387856
DSP,Other,44,15.164865909090908,12.30695,19230.899653229048
Edelweiss,Debt,86,847.3111372093024,1000.08505,95833.34243185216
Edelweiss,Equity,58,44.79376034482759,34.8352,145624.27056732637
Edelweiss,FoF,4,37.71165,10.168,803.6477117159577
Edelweiss,Hybrid,36,26.18807222222222,20.34695,27114.88094176157
Edelweiss,Index,82,29.011126829268296,13.2299,39176.10582986927
Edelweiss,Other,18,17.745555555555555,15.395800000000001,9961.668942339043
Franklin Templeton,Debt,91,1079.7650054945054,17.0674,81661.85031543656
Franklin Templeton,Equity,60,357.1155516666667,81.65299999999999,159770.79954960218
Franklin Templeton,FoF,8,54.409949999999995,52.41365,2512.3739127665435
Franklin Templeton,Hybrid,34,47.45927058823529,14.13365,23526.79785327329
Franklin Templeton,Index,4,202.246225,202.22775000000001,2931.414307980966
Franklin Templeton,Other,36,16.421444444444447,10.0,14615.853508309738
Franklin Templeton,Solution,4,125.870875,120.899,1677.9805115981978
Groww,Debt,62,827.1023435483871,1002.33465,84568.6604113439
Groww,Equity,12,24.166375000000002,21.525,23828.83633795512
Groww,FoF,5,35.4529,14.8779,917.5029354738242
Groww,Hybrid,14,18.813950000000002,21.1,9401.177157262144
Groww,Index,66,17.218622727272727,10.8115,26440.954350226122
Groww,Other,4,11.473125,11.4148,1558.8791381787194
HDFC,Debt,101,440.1440198019802,18.4893,88424.34389816511
HDFC,Equity,168,106.48865892857144,13.41095,295738.7907689586
HDFC,FoF,7,36.332885714285716,20.006,2178.941560014575
HDFC,Hybrid,29,68.24269655172414,30.25,25663.529277508253
HDFC,Index,72,72.2663375,15.670449999999999,39394.01699269903
HDFC,Other,173,11.876162427745665,10.0,63468.723581904465
HDFC,Solution,10,95.74807,45.276849999999996,5057.036144729625
HSBC,Debt,95,448.1589821052632,27.0917,91871.51277063572
HSBC,Equity,88,57.80113636363637,21.651400000000002,184392.67318897584
HSBC,Hybrid,44,27.066163636363637,20.64565,36633.78708550282
HSBC,Index,16,21.27475625,21.16315,9774.931004286738
HSBC,Other,42,13.534764285714285,10.0,17161.624548307394
Helios,Debt,4,1066.01985,1065.73165,5495.179175953977
Helios,Equity,14,13.042142857142858,12.93,18198.05966691881
Helios,Hybrid,4,11.7825,11.780000000000001,1666.4072056158084
Helios,Other,2,11.935,11.935,785.6485454687536
ICICI Prudential,Debt,249,138.7313734939759,15.0013,219696.00513592688
ICICI Prudential,Equity,269,82.04158959107806,19.7164,531399.5547933663
ICICI Prudential,FoF,23,66.8498304347826,37.1,7322.007668006707
ICICI Prudential,Hybrid,39,27.492317948717947,20.54,31444.924657122545
ICICI Prudential,Index,158,35.36293227848101,16.240850000000002,84527.8916906601
ICICI Prudential,Other,1733,15.933741084824003,12.7879,741751.4328217808
ICICI Prudential,Solution,12,87.26531666666666,35.865,4842.126950985146
ITI,Debt,50,796.31597,1001.15515,65636.56985234206
ITI,Equity,42,19.657585714285716,18.5535,81899.47358666347
ITI,Hybrid,8,14.042675,13.8391,3768.454991688431
ITI,Other,6,15.089166666666666,16.11465,2843.674023417775
Invesco,Debt,109,1833.3714513761468,1305.948,171811.8701456625
Invesco,Equity,62,57.63577096774194,34.33645,156452.11714936717
Invesco,FoF,4,34.403800000000004,34.391400000000004,1527.364559830714
Invesco,Hybrid,25,183.229044,22.7491,21245.559702566563
Invesco,Index,12,1939.7775666666666,1233.0131000000001,9598.759752753735
Invesco,Other,18,36.37508333333333,13.29075,8972.5953331282
JM Financial,Debt,79,167.95118607594938,26.95,75276.16298410954
JM Financial,Equity,43,49.01728372093023,31.4287,105912.7950073616
JM Financial,Hybrid,40,58.6260875,33.958,39643.92411851736
JM Financial,Other,12,29.522949999999998,18.0,7055.2343614505035
Jio BlackRock,Debt,3,1019.4846000000001,1019.7758,4419.482911813835
Jio BlackRock,Equity,1,10.14,10.14,1074.7470319950432
Jio BlackRock,Index,5,10.29462,10.2922,1723.8676165164939
Kotak,Debt,148,453.946672185473,14.4582,133496.89687468752
Kotak,Equity,357,34.39488242190476,12.79883451,528052.6591879564
Kotak,FoF,7,23.86112857142857,11.2456,1197.080688910975
Kotak,Hybrid,34,53.58102202911765,21.11355,27885.254761488723
Kotak,Index,144,36.77899861111111,11.507,63092.47560302137
Kotak,Other,178,11.72655581994382,11.041333725000001,67119.1174966849
LIC,Debt,50,821.31433,1032.8654999999999,62974.25007150006
LIC,Equity,52,41.519440384615386,32.54235,138124.5836695892
LIC,FoF,2,32.189099999999996,32.189099999999996,661.5928857786066
LIC,Hybrid,32,33.052309375,14.632100000000001,21254.88661802992
LIC,Index,18,751.722488888889,58.71105,14621.775184916769
LIC,Other,56,32.488975,36.8008,38663.0484240453
LIC,Solution,2,34.9657,34.9657,840.8815626849981
Mahindra Manulife,Debt,38,915.3602236842104,1041.62555,50204.738372035885
Mahindra Manulife,Equity,44,22.103713636363636,20.95125,93617.63652990478
Mahindra Manulife,FoF,4,10.2165,10.2165,437.79809659982243
Mahindra Manulife,Hybrid,20,16.98855,13.99435,12333.12603234964
Mahindra Manulife,Other,8,13.4471625,12.21815,3146.836653259716
Mirae Asset,Debt,50,916.5416,1035.9365,60761.49047577149
Mirae Asset,Equity,44,42.415575,26.2795,104527.65726348045
Mirae Asset,FoF,13,20.619000000000003,12.135,1920.2145760367707
Mirae Asset,Hybrid,24,16.144416666666668,13.7945,14134.98442340076
Mirae Asset,Index,101,62.156816831683166,12.5569,51761.47639443846
Mirae Asset,Other,10,24.4667,22.2185,5886.523231900132
Motilal Oswal,Debt,28,11.684371428571428,11.46955,11720.560684178643
Motilal Oswal,Equity,59,28.35176101694915,14.5211,111766.61255335232
Motilal Oswal,FoF,9,29.598033333333333,18.7077,1957.854636996047
Motilal Oswal,Hybrid,12,13.878316666666668,12.8204,6072.202189715302
Motilal Oswal,Index,66,44.312896969696965,24.6201,42407.66009999968
Motilal Oswal,Other,20,11.431535,11.248850000000001,7279.898098967513
Navi,Debt,10,15.729130000000001,10.01655,5909.941916674918
Navi,Equity,32,27.70774375,26.93075,79772.39921349348
Navi,Hybrid,12,22.443741666666668,22.439799999999998,9413.692538434467
Navi,Index,18,14.643600000000001,15.0058,8321.450169364542
Nippon India,Debt,167,709.5068868263473,39.7419,182479.86257349927
Nippon India,Equity,823,46.863016403402185,12.9157,1222903.9389004146
Nippon India,FoF,4,22.964,22.964,997.4155532457452
Nippon India,Hybrid,68,24.263188235294116,13.6837,40503.68604029742
Nippon India,Index,148,74.21076891891892,12.7102,81304.05776515373
Nippon India,Other,637,12.284188540031396,10.0,229362.54117300274
Nippon India,Solution,12,25.040208333333336,23.1008,3901.1007555057777
Old Bridge,Equity,4,12.155,12.155,4670.006079565347
PGIM India,Debt,78,387.99088333333333,23.2607,78305.15496196895
PGIM India,Equity,46,39.54835434782609,19.775,87991.53057144047
PGIM India,Hybrid,39,24.132689743589744,13.9836,25147.365760806897
PGIM India,Index,4,11.587275,11.586300000000001,1374.7724745274108
PGIM India,Other,16,84.810375,135.6279,9001.87244909663
PGIM India,Solution,4,12.305,12.305,618.3291174494487
PPFAS,Debt,8,1122.1911125,1002.8543500000001,11907.703539317728
PPFAS,Equity,6,70.89293333333335,85.9381,17014.59041321875
PPFAS,Hybrid,10,11.9797,11.4352,4102.917962847865
Quantum,Debt,14,15.601985714285714,10.40505,8143.81444801713
Quantum,Equity,20,77.80238,85.9905,50946.384340604774
Quantum,Hybrid,4,23.9659,23.829250000000002,3164.948092437488
Quantum,Index,3,941.3221,15.1138,1821.735124716472
Quantum,Other,1,99.335,99.335,745.691093600667
SBI,Debt,216,440.69204305555553,19.824150000000003,205417.13596623557
SBI,Equity,150,127.39800066666668,16.92105,304500.55669775803
SBI,FoF,1,102.6726,102.6726,388.3978326544429
SBI,Hybrid,54,24.573516666666666,20.356650000000002,40658.231962850026
SBI,Index,80,109.61878999999999,13.2158,40216.04672884597
SBI,Other,8,12.4120625,12.376449999999998,2879.948999552323
SBI,Solution,4,81.27595,79.5123,2408.7778118018314
Samco,Debt,3,1153.6155333333334,1198.605,4864.703213646646
Samco,Equity,14,10.62857142857143,9.649999999999999,15160.25864145933
Samco,Hybrid,8,10.9,10.67,2942.6577959553106
Shriram,Debt,15,420.4872666666667,12.1518,13040.287842592214
Shriram,Equity,10,19.431900000000002,21.41465,20167.226071953606
Shriram,Hybrid,10,22.2316,19.12875,7769.797920669484
Shriram,Index,1,1077.9648,1077.9648,939.7535963957549
Sundaram,Debt,158,445.1240329113924,29.2371,165596.1223501407
Sundaram,Equity,69,144.91304927536234,39.3816,190091.85891532514
Sundaram,Hybrid,32,33.545271875,17.9157,24454.01655857719
Sundaram,Index,2,184.536,184.536,1640.1197249492004
Sundaram,Other,12,12.109116666666667,11.255749999999999,4643.20974075237
Tata,Debt,88,553.2134806818182,41.011700000000005,101708.38839697388
Tata,Equity,74,110.21129864864865,39.1516,187723.0761424975
Tata,FoF,6,18.4829,18.4829,1120.2496729934983
Tata,Hybrid,38,54.3293947368421,23.2404,31102.85987766355
Tata,Index,129,22.686133333333334,12.2409,52931.97679822726
Tata,Other,40,26.6761325,13.2994,19012.402118922277
Tata,Solution,8,60.753325000000004,65.09475,4438.407209628285
Taurus,Debt,8,476.3919,77.935,12262.18830903602
Taurus,Equity,25,112.267944,111.12,69909.99872142666
Taurus,Index,4,45.0731,48.65445,3033.4355719088803
Taurus,Other,2,87.58,87.58,1463.7122272489637
The Wealth Company,Debt,8,1002.99045,1002.8664,12796.26214615294
The Wealth Company,Equity,6,9.975,10.0,5272.694882376778
The Wealth Company,Hybrid,3,10.04,10.04,1145.28137697148
The Wealth Company,Other,3,9.956666666666665,9.92,951.6793547848599
Trust,Debt,38,1193.1242342105263,1173.0727000000002,60669.59572477949
Trust,Equity,14,372.8303285714286,11.6,23989.360750921947
Trust,Hybrid,2,10.10245,10.10245,695.3738937002922
Trust,Other,1,1239.1648,1239.1648,743.36875064131
UTI,Debt,577,314.91742079722707,11.3972,381624.15131699725
UTI,Equity,232,105.82761896551725,12.668099999999999,405990.47414118255
UTI,FoF,2,23.034950000000002,23.034950000000002,570.6599764633852
UTI,Hybrid,34,57.078599999999994,21.2345,30619.315424236793
UTI,Index,53,64.72970566037736,14.9869,29061.412511797902
UTI,Other,394,33.72998172588833,10.0,138189.41729457377
UTI,Solution,8,68.72935,70.04939999999999,4528.550367308625
Unifi,Debt,2,1024.226,1024.226,3466.4332095604377
Unifi,Equity,2,10.307749999999999,10.307749999999999,1846.827027238841
Unifi,Hybrid,2,10.50405,10.50405,818.7071464352073
Union,Debt,54,697.4375796296297,1000.1306,61458.77854765583
Union,Equity,46,31.38508260869565,27.66,104605.81097320798
Union,FoF,5,34.6329,13.8079,1025.734549681312
Union,Hybrid,24,15.584420833333333,15.950949999999999,13595.531656860518
Union,Other,9,12.888877777777777,11.9299,3730.1894957001014
Union,Solution,8,14.469999999999999,14.575,1455.2567257856106
WhiteOak Capital,Debt,20,1088.3943649999999,1004.8079,33236.17513466729
WhiteOak Capital,Equity,32,15.548937500000001,15.406500000000001,49098.79831163478
WhiteOak Capital,Hybrid,10,13.0912,13.4195,4953.226591583771
Zerodha,Debt,1,10.3332,10.3332,394.9909055671952
Zerodha,Equity,1,14.3079,14.3079,1390.23494087899
Zerodha,FoF,2,17.333199999999998,17.333199999999998,318.7466216952024
Zerodha,Hybrid,1,10.7875,10.7875,314.0256050690444
Zerodha,Index,10,23.60074,12.2133,4956.776610674276
quant,Debt,20,16.060679999999998,13.252749999999999,11026.971303042177
quant,Equity,62,93.95648387096773,40.8363,146182.48982294285
quant,Hybrid,20,89.312885,17.0593,15288.133990913835
quant,Other,24,18.705225000000002,15.31515,12381.495009257833
